encoding,"ןיִּפְצִה ,דֵּדִק"
writer,"רֵּבַחְמ ,רֵפֹוס ,בֵתֹוּכ"
with,ְךֹוּתִמ ;_ ְּב ;תּועָצְמֶאְּב ;םִע
main,"יִׁשאָר ,יִרָּקִע"
None,אֹל לָלְכִּב ;דָחֶא ףַא
result,הָאָצֹוּת
return,"ביִׁשֵה ,ריִזְחֶה ;בָׁש ,רַזָח"
building ,"הָּיִנְּב ;ןָיְנִּב ,הֶנְבִמ"
iterator ,"הנשנו רזח ,ומצע לע רזח"
raise ,"םיִרְתִה ,סֵּיִּג ;לֵלֹוח ,רֵרֹוע ,םַרָּג ;לֵּדִּג ;םיִרֵה ,הָלֱעֶה"
single ,"יּונָּפ ,דֵדֹוּב ,יִדיִחְי ,דיִחָי"
combination ,"הָיְצַניִּבְמֹוק ,ףּורֵצ ,רּוּבִח ,בּוּלִׁש"
condition ,יִנָפּוּג רֶׁשֹּכ ;יאַנְּת ;בָּצַמ
terminated,"רֵּטִּפ ;רַמְגִנ ,םֵּיַּתְסִה ;רַמָּג ,םֵּיִס"
expand ,"טֵּשַּפְתִה ,בֵחַרְתִה ;ביִחְרִה"
vocabulary,םיִּלִמ רַצֹוא
generator,"רֵצֹוי ,לֵלֹוחְמ ;לֵלֹוחְמ ,רֹוטָרֶנֶּג"
infinite,"קֹמָע ,יִמֹוהְּת ,יִפֹוסְניֵא"
readability,תּואיִרְק
these,"ּוּלֵא ,הֶּלֵא"
resemble,"הָמְדִנ ,הָמָּד"
purpose,"הָנָּוַּכ ,תיִלְכַּת ,הָרָּטַמ"
mouse,בשחמל רבכע ;רָּבְכַע
blocked,"רַצָע ,םַסָח"
traversable,"וב רובעל רשפאש ,ריִבָע"
showcase ,הווארל גיצה
expertise,"תַעַּד תַּוַח ;ןָּדְמֻא ,הָזיִטְרֶּפְסְקֶא ;תּוּיִחְמֻמ"
minimalistic,"תיטסילמינימ תונמואב קסועש םדא ,טְסיִלָמיִניִמ )תּונָּמָא("
resumes,"םיִּיַח תֹורֹוק ,הֶמּוזֶר ;תיִצְמַּת ,ריִצְקַּת"
conservative,"יִביִטָבְרֶסְנֹוק ,ןָרְמַׁש"
layouts,"הֶוְתִמ ;תיִנְכָּת ,רּוּדִס ,ְךָרֲעַמ"
